<?xml version="1.0" encoding="UTF-8"?>
<!DOCTYPE struts-config PUBLIC "-//Apache Software Foundation//DTD Struts Configuration 1.2//EN" "http://jakarta.apache.org/struts/dtds/struts-config_1_2.dtd">

<struts-config>
	<!-- Forms Beans -->
	<form-beans>
	</form-beans>
	<!-- Action Mappings -->
	<action-mappings>
		<!-- @portlet.name@ -->
		<action path="/ext/@portlet.name@/view" 
		        type="@portlet.action.name@.action.ViewAction" 
		        scope="request"
		        parameter="parameter">
		  <forward name="portlet.@portlet.name@.view" path="portlet.@portlet.name@.view"></forward>
		</action>
		<!--End @portlet.name@ -->
	</action-mappings>
	
	
	<!-- Custom Request Processor -->
	<controller processorClass="org.apache.portals.bridges.struts.PortletTilesRequestProcessor"></controller>
	<!-- Message Resources -->
	<message-resources parameter="content.language.Language"></message-resources>
	<!-- Tiles Plugin -->
	<plug-in className="org.apache.struts.tiles.TilesPlugin">
		<set-property property="definitions-config" value="/WEB-INF/tiles-defs.xml"></set-property>
		<set-property property="moduleAware" value="true"></set-property>
		<set-property property="definitions-parser-validate" value="true"></set-property>
	</plug-in>
	<!-- Validator Plugin -->
	<plug-in className="org.apache.struts.validator.ValidatorPlugIn">
		<set-property property="pathnames" value="/WEB-INF/validator-rules.xml,/WEB-INF/validation.xml"></set-property>
	</plug-in>
</struts-config>